Name,Link,Category,Sponsorships,Creators,Site,Latest Video Sponsored,Latest Youtuber Sponsored,Last Sponsored Date,Second Latest Youtuber,All Youtubers Sponsored,All Youtubers subcount,Sponsorship times,First Name,Email,Linkedin,Job title,Email type,Email Sequence
Clay,https://sponsorradar.com/brands/clay,AI,2,2,https://clay.com,https://youtube.com/watch?v=QDsenEcAJIk,Nate Herk | AI Automation,2026 Sep 18,SB Pressure Washing,"Nate Herk | AI Automation, SB Pressure Washing, Alex Berman","1M, 611K, 163K","3, 2, 2001",Everett,everett.berry@clay.com,,,,
Qlik,https://sponsorradar.com/brands/qlik,AI,2,2,https://www.qlik.com,https://youtube.com/watch?v=wr-4bX_skeY,CXOTalk,"2025 Sep 13, 2025",Databricks,"Databricks, CXOTalk","167K, 267K","1, 1",Jonathan,jonathan.seamans@qlik.com,,,,
Surveysparrow,https://sponsorradar.com/brands/surveysparrow,AI,2,2,https://surveysparrow.com,https://youtube.com/watch?v=5gsvWbibaUE,Jeremy Mura,"2024 Dec 19, 2024",Clicks to Clients,"Jeremy Mura, Clicks to Clients","62.5K, 54.6K","1, 1",Manoj,manoj.ravichandran@surveysparrow.com,,,,
Scraperapi,https://sponsorradar.com/brands/scraperapi,AI,2,2,https://scraperapi.com,https://youtube.com/watch?v=39Z8ObQzO4Y,1littlecoder,"2025 May 6, 2025",ByteGrad,"1littlecoder, ByteGrad","111K, 203K","1, 1",Frederick,frederick@scraperapi.com,https://www.linkedin.com/in/frederick-cron-0892a9355,,,
Scribe,https://sponsorradar.com/brands/scribe-2,AI,2,2,https://scribehow.com,https://youtube.com/watch?v=vv8_zNkbU1c,This Week in Tech,2026 Sep 14,AI Founders,"This Week in Tech, AI Founders","64.8K, 582K","2, 1",Meg,meg@scribehow.com,,,,
Snyk,https://sponsorradar.com/brands/snyk-1,AI,2,2,https://snyk.io,https://youtube.com/watch?v=GfBPtZag0ag,Prompt Engineering,"2025 Oct 1, 2025",ByteGrad,"Prompt Engineering, ByteGrad","247K, 203K","1, 1",Mariah Gresham,mariah.gresham@snyk.io,,,,
Joggai,https://sponsorradar.com/brands/joggai-1,AI,2,2,https://jogg.ai,https://youtube.com/watch?v=kTQv8WwNcgQ,Shijo p Abraham,"2025 Aug 31, 2025",Malva AI,"Malva AI, Shijo p Abraham","165K, 406K","1, 1",Constance,constance@jogg.ai,,,,
Maxfusion,https://sponsorradar.com/brands/maxfusion,AI,2,2,,https://youtube.com/watch?v=E9Dy5oFZ5Ls,Daniel | Tech & Data,2026 Aug 23,Karolis,"Daniel | Tech & Data, Karolis","617K, 46.1K","1, 1",Ori,ori.zilbershtein@hyperion-tech.co,,,,
Webshare,https://sponsorradar.com/brands/webshare,AI,2,2,https://webshare.io,https://youtube.com/watch?v=cSyAZoFABjY,Tech Rush,2026 Jul 20,Mehul Mohan,"Mehul Mohan, Tech Rush","473K, 143K","1, 1",Julius,julius@webshare.io,https://www.linkedin.com/in/julius-kralikas,,,
Zeely Ai,https://sponsorradar.com/brands/zeely-ai,AI,2,2,https://zeely.ai,https://youtube.com/watch?v=evQPcGza89g,Jason West,2026 Jul 30,Phil Pallen,"Phil Pallen, Jason West","75.2K, 883K","1, 1",Andrii,a.hlushchenko@zeely.ai,https://www.linkedin.com/in/andrii-hlushchenko-016a39250,,,
Imagine Art,https://sponsorradar.com/brands/imagine-art,AI,2,2,https://imagine.art,https://youtube.com/watch?v=Z8x58DI0v68,Paul J Lipsky,2026 Jan 16,Ninja Tech,"Ninja Tech, Paul J Lipsky","113K, 501K","1, 1",Sukaina,sukaina.ali@imagine.art,,,,
Freebeat,https://sponsorradar.com/brands/freebeat,AI,2,2,,https://youtube.com/watch?v=UvW2WpgdmIw,Jordan Taylor Wright,2026 Jun 15,Digital Art Creation,"Digital Art Creation, Jordan Taylor Wright","350K, 284K","1, 1",Israel,israel@freebeat.ai,,,,
Worldfirst,https://sponsorradar.com/brands/worldfirst,AI,2,2,https://worldfirst.com,https://youtube.com/watch?v=ASdQSFC7yiw,Mr Reis,2026 Feb 13,Oliur Online,"Mr Reis, Oliur Online","658K, 178K","1, 1",Dasha,dasha.petrjakova@worldfirst.com,,,,
Encord,https://sponsorradar.com/brands/encord,AI,2,2,https://encord.com,https://youtube.com/watch?v=OHWnPOKh_S0,Lex Fridman,"2025 Jan 26, 2025",Nicolai Nielsen,"Nicolai Nielsen, Lex Fridman","126K, 5M","1, 1",Roger,roger@encord.com,,,,
Rocket.new,https://sponsorradar.com/brands/rocket-new-1,AI,3,3,https://rocket.new,https://youtube.com/watch?v=uJFYXttoEa8,Daniel | Tech & Data,2026 Jul 15,AI Founders,"Daniel | Tech & Data, AI Founders, Ninja Tech","617K, 582K, 113K","1, 1, 2001",Priyanka,priyanka@rocket.new,https://www.linkedin.com/in/priyankashah92,,,
Devin,https://sponsorradar.com/brands/devin-1,AI,3,3,https://devin.ai,https://youtube.com/watch?v=XLTM3HCzg0o,A Life Engineered,2026 Aug 31,Prompt Engineering,"Prompt Engineering, A Life Engineered, Theo - t3․gg","247K, 201K, 567K","1, 1, 2001",Serhii,,https://www.linkedin.com/in/serhii-koshel,"Co-founder, Business Consultant",,
Pinterest,https://sponsorradar.com/brands/pinterest,AI,3,3,https://www.pinterest.com/,https://youtube.com/watch?v=JP22bHF_txU,COLORS,2026 Apr 6,The Social CTV,"The Social CTV, Weights & Biases, COLORS","94.9K, 70.2K, 8.5M","1, 1, 2001",Sara,sdicostanzo@pinterest.com,,,,
Instaheadshots,https://sponsorradar.com/brands/instaheadshots,AI,3,3,https://instaheadshots.com,https://youtube.com/watch?v=52jxysFXZy4,Anastasia Blogger,2026 Aug 26,Mehul Mohan,"Mehul Mohan, Anastasia Blogger, Tim Harris AI","473K, 241K, 77.9K","1, 1, 2001",Rohan,rohan@instaheadshots.com,https://www.linkedin.com/in/rohan-khadatkar,,,
Xmind,https://sponsorradar.com/brands/xmind,AI,3,3,https://xmind.com,https://youtube.com/watch?v=uftyz_fiR5Q,Zain Asif,2026 Jul 24,Kingy AI,"Kingy AI, Zain Asif, Daniel | Tech & Data","2.1M, 110K, 617K","1, 1, 2001",Anna,anna@xmind.app,https://www.linkedin.com/in/anna-gan-461b0168,,,
Sintra.ai,https://sponsorradar.com/brands/sintra-ai-1,AI,3,3,https://sintra.ai,https://youtube.com/watch?v=ZnsZKXcsMnM,20Camels,2026 May 9,FINAiUS,"FINAiUS, 20Camels, Linda Raynier, Paul J Lipsky","791K, 193K, 1M, 501K","1, 1, 1, 1",Kamile,kamile@sintra.ai,,,,
Cline,https://sponsorradar.com/brands/cline,AI,3,3,https://cline.bot,https://youtube.com/watch?v=KZ6uQMQtJW4,Luke's Dev Lab,2026 Sep 16,Mehul Mohan,"Mehul Mohan, Prompt Engineering, Luke's Dev Lab, AICodeKing","473K, 247K, 15.4K, 132K","1, 1, 1, 1",Nick,nickbaumann@cline.bot,,,,
Zyte,https://sponsorradar.com/brands/zyte,AI,3,2,https://www.zyte.com/,https://youtube.com/watch?v=vCt0R-Kzhbw,AI Andy,"2024 Oct 12, 2024",John Watson Rooney,"AI Andy, John Watson Rooney","214K, 105K","2, 1",Marie,marie@zyte.com,,,,
3d Ai Studio,https://sponsorradar.com/brands/3d-ai-studio,AI,3,2,https://3daistudio.com,https://youtube.com/watch?v=mmpLXA-xzrQ,Stefan 3D AI,2026 Aug 12,GnomeCode,"Stefan 3D AI, GnomeCode","179K, 144K","2, 1",Jan,jan@3daistudio.com,https://www.linkedin.com/in/janhammer,Founder & CEO - 3daistudio,,
Notegpt,https://sponsorradar.com/brands/notegpt-1,AI,3,2,https://notegpt.io,https://youtube.com/watch?v=uEB8oXCnkhw,Pritam Sahoo - LearnAI,"2025 Oct 30, 2025",Gripps2211,"Gripps2211, Pritam Sahoo - LearnAI","55.4K, 35.5K","2, 1",Hongyuan,,https://www.linkedin.com/in/caohongyuan,Founder,,
Blitzy,https://sponsorradar.com/brands/blitzy,AI,3,2,https://blitzy.com,https://youtube.com/watch?v=NYFGCESmikA,Lex Fridman,2026 Aug 26,Tech With Tim,"Lex Fridman, Tech With Tim","5M, 2.1M","2, 1",Brian,brian@blitzy.com,https://www.linkedin.com/in/briancelliott,"Co-founder, CEO",,
Remove.bg,https://sponsorradar.com/brands/remove-bg,AI,4,4,https://www.remove.bg/,https://youtube.com/watch?v=cAXnW-Cgkw4,HTG George,"2025 Jul 24, 2025",Three Blind Men and An Elephant,"Three Blind Men and An Elephant, Sakib Tech, Blue Lightning, HTG George","129K, 300K, 1.1M, 80.1K","1, 1, 1, 1",Raju,raju.bhattacharya@remove.bg,https://www.linkedin.com/in/raju-bhattacharya-806802248,,,
Durable,https://sponsorradar.com/brands/durable-1,AI,4,4,https://durable.co,https://youtube.com/watch?v=s_DatqRHHJs,MATLAB TECH,2026 Sep 16,Ken Jee,"Ken Jee, Skill Leap AI, Ciara Gan, MATLAB TECH, AI Founders","279K, 339K, 261K, 208K, 582K","1, 1, 1, 1, 1",Christine,christine.colling@durable.co,,,,
Elephant Robotics,https://sponsorradar.com/brands/elephant-robotics,AI,4,4,https://www.elephantrobotics.com,https://youtube.com/watch?v=HYvMZnO6Re4,MaxxiimGames,2026 Jan 4,AI News,"AI News, The 3D Printing Zone, MaxxiimGames, LeMaster Tech","94.1K, 575K, 154K, 69.9K","1, 1, 1, 1",Haotian,haotian.chen@elephantrobotics.com,https://www.linkedin.com/in/hunterchen-13686825107,,,
10web,https://sponsorradar.com/brands/10web-1,AI,4,4,https://10web.io,https://youtube.com/watch?v=KtKJ3A6DWTs,Lenny's Podcast,2026 Jan 15,ByteGrad,"ByteGrad, The AI Advantage, AI Founders, Lenny's Podcast","203K, 484K, 582K, 638K","1, 1, 1, 1",Armine,armine@10web.io,https://www.linkedin.com/in/armine-hayrapetyan,,,
Codebuff,https://sponsorradar.com/brands/codebuff,AI,4,4,https://codebuff.com,https://youtube.com/watch?v=4H_an5xtyr0,WorldofAI,2026 Mar 2,Mehul Mohan,"WorldofAI, Mehul Mohan, All About AI, Cole Caccamise","239K, 473K, 226K, 56.5K","1, 1, 1, 1",James,james@codebuff.com,https://www.linkedin.com/in/james-grugett,Cofounder & CEO,,
Jarsy,https://sponsorradar.com/brands/jarsy,AI,4,4,https://jarsy.com,https://youtube.com/watch?v=kKjmv2CuVUI,Wes Roth,2026 Aug 12,ByteMonk,"ByteMonk, Michael Wrubel, Wes Roth, SideQuest - Animated History","403K, 313K, 328K, 677K","1, 1, 1, 1",Chunyang,chunyang.shen@getjarsy.com,https://www.linkedin.com/in/chunyangshen,Co-founder & CTO,,
Hedra,https://sponsorradar.com/brands/hedra,AI,4,3,https://hedra.com,https://youtube.com/watch?v=cyIWQHYoUg8,AI LABS,2026 Sep 8,Paul J Lipsky,"AI LABS, Paul J Lipsky, Franklin AI","165K, 501K, 79.7K","2, 1, 2001",Erna,erna@hedra.com,,,,
Telnyx,https://sponsorradar.com/brands/telnyx,AI,4,3,https://telnyx.com,https://youtube.com/watch?v=AAV84FdvC1o,AI Master,2026 Jul 16,Nicolai Nielsen,"Nicolai Nielsen, AI Master, Andy Malone MVP","126K, 329K, 368K","2, 1, 2001",Robert,robert@telnyx.com,,,,
Originality.ai,https://sponsorradar.com/brands/originality-ai,AI,5,4,https://www.originality.ai,https://youtube.com/watch?v=5ekB1IeCz-Q,Educational Hub,"2025 Dec 7, 2025",King Charles Tv,"King Charles Tv, Educational Hub, Phil Pallen, What's AI by Louis-François Bouchard","176K, 83.7K, 75.2K, 74.2K","2, 1, 1, 1",Madeleine,maddie@originality.ai,https://www.linkedin.com/in/madeleine-lambert-b6426aa9,,,
Nexos.ai,https://sponsorradar.com/brands/nexos-ai,AI,6,6,https://nexos.ai,https://youtube.com/watch?v=0r5AK6zg4hc,Mehul Mohan,2026 Jun 30,CodeWithMuh | AI Automation,"CodeWithMuh | AI Automation, Mehul Mohan, Sabine Hossenfelder, Market Mania 🏴‍☠️, Ryne Williams, Wisdom Speaks","37.3K, 473K, 1.8M, 83.2K, 97K, 319K","1, 1, 1, 1, 1, 1",Rasa,rasa.daunoraviciene@nexos.ai,,,,
Similarweb,https://sponsorradar.com/brands/similarweb,AI,6,6,https://www.similarweb.com/,https://youtube.com/watch?v=v0-aPgxUs2c,Cybernews,2026 Feb 5,Jeremy Mura,"Jeremy Mura, Skill Leap AI, Jessica Stansberry, Cybernews, RustyBrick Barry Schwartz Search Engine Roundtable, Angel Zheng","62.5K, 339K, 215K, 947K, 561K, 153K","1, 1, 1, 1, 1, 1",Alex,alex.lillo@similarweb.com,,,,
Recall,https://sponsorradar.com/brands/recall-1,AI,6,5,https://getrecall.ai,https://youtube.com/watch?v=LwlFW_Y7WDg,Eric Tech,2026 Feb 22,Skill Leap AI,"Skill Leap AI, WiseUp Communications, Theoretically Media, Eric Tech, Paul J Lipsky","339K, 408K, 195K, 80.1K, 501K","2, 1, 1, 1, 1",Paul,paul@getrecall.ai,https://www.linkedin.com/in/paulrchds,Chief Executive Officer & Co-founder,,
Gurobi,https://sponsorradar.com/brands/gurobi,AI,10,2,https://gurobi.com,https://youtube.com/watch?v=Xa1jm2VWEHk,Super Data Science: ML & AI Podcast with Jon Krohn,2026 Sep 15,StatQuest with Josh Starmer,"Super Data Science: ML & AI Podcast with Jon Krohn, StatQuest with Josh Starmer","267K, 1.7M","9, 2",Adam,adam.horowitz@gurobi.com,,,,
Fish Audio,https://sponsorradar.com/brands/fish-audio,AI,11,9,https://fish.audio,https://youtube.com/watch?v=TzKcwU7qNA8,Bob Doyle Media,2026 Sep 15,Wade McMaster - Creator Impact,"Bob Doyle Media, Wade McMaster - Creator Impact, Nicolai Nielsen, Ali Solanki, Siraj Raval, Fahed Zaman","93.3K, 93.6K, 126K, 108K, 769K, 649K","4, 1, 1, 1, 1, 1",Rissa,rissa@openaudio.com,https://www.linkedin.com/in/rissacao,"COO, Co-founder",,
Aivideo,https://sponsorradar.com/brands/aivideo,AI,11,4,https://aivideo.com,https://youtube.com/watch?v=lvIMVvzaM5w,How To In 5 Minutes,2026 Feb 27,Kingy AI,"Kingy AI, AI Andy, Dan Kieft, How To In 5 Minutes","2.1M, 214K, 297K, 361K","3, 3, 3, 2",Eduardo,eduardo@aivideo.com,https://www.linkedin.com/in/edufaraday,Co-founder,,
Leonardo Ai,https://sponsorradar.com/brands/leonardo-ai,AI,17,7,https://leonardo.ai,https://youtube.com/watch?v=KmZPv6QArr4,Blog With Ben,2026 Mar 10,Wade McMaster - Creator Impact,"Wade McMaster - Creator Impact, Blog With Ben, Skills Factory, MattVidPro AI, Ray William Johnson, AIRBOYD","93.6K, 479K, 526K, 304K, 18.6M, 509K","7, 3, 2, 2, 1, 1",Balssam,balsam@leonardo.ai,,,,
Freepik,https://sponsorradar.com/brands/freepik,AI,23,17,https://freepik.com,https://youtube.com/watch?v=Z3vY2U8ysL0,Olufemii,2026 Mar 5,Sebastien Jefferies,"Olufemii, Sebastien Jefferies, Dot CSV Lab, Dan Kieft, Singh in USA, Kingy AI","548K, 160K, 252K, 297K, 1.2M, 2.1M","4, 2, 2, 2, 1, 1",Trini,tjimenez@freepik.com,,,,
Fanvue,https://sponsorradar.com/brands/fanvue,AI,28,9,https://fanvue.com,https://youtube.com/watch?v=lhgJue86h5c,Siraj Raval,2026 Jul 29,AI Samson,"AI Samson, Siraj Raval, Nizar GG, Kingy AI, Danny Mullen, Financial Wolf","276K, 769K, 274K, 2.1M, 885K, 306K","19, 2, 1, 1, 1, 1",Femi,femi.zaccheus@fanvue.com,,,,
Serpapi,https://sponsorradar.com/brands/serpapi,AI,34,26,https://serpapi.com,https://youtube.com/watch?v=CmmLZeuK4lg,All About AI,2026 Sep 1,AI LABS,"AI LABS, bycloud, Your Average Tech Bro, All About AI, Thu Vu, The Metaverse Guy","165K, 233K, 207K, 226K, 334K, 250K","3, 3, 3, 2, 2, 1",Serpapi,Julien,julien@serpapi.com,https://www.linkedin.com/in/julienkhaleghy,CEO And Founder,
Kpmg,https://sponsorradar.com/brands/kpmg,AI,74,4,https://kpmg.com,https://youtube.com/watch?v=2hmLPRCLixI,V the Techee,2026 Mar 15,The AI Daily Brief: Artificial Intelligence News,"The AI Daily Brief: Artificial Intelligence News, OnlineStudy4u, V the Techee, Dream Canada","586K, 789K, 452K, 339K","71, 1, 1, 1",Karlyn,karlynthompson@kpmg.com,,,,
Heygen,https://sponsorradar.com/brands/heygen,AI,92,36,https://heygen.com,https://youtube.com/watch?v=G9P9D9hptq8,The Knowledge Project Podcast,2026 Sep 15,Julia McCoy,"Julia McCoy, The Knowledge Project Podcast, Fulaan Creative, The Diary Of A CEO, LYFE Accounting, AI Samson","310K, 443K, 111K, 19.9M, 594K, 276K","33, 8, 6, 6, 4, 3",Audrey,audrey.orkild@heygen.com,,,,
Vanta,https://sponsorradar.com/brands/vanta,AI,138,20,https://vanta.com,https://youtube.com/watch?v=axobPcuvUZg,This Week in Startups,2026 Sep 21,The AI Daily Brief: Artificial Intelligence News,"The AI Daily Brief: Artificial Intelligence News, Lenny's Podcast, This Week in Startups, Jon Good, Security Now, John Hammond","586K, 638K, 354K, 79.3K, 77.9K, 2.2M","72, 12, 8, 7, 5, 4",Lucia ,lucia.giles@vanta.com,,,,
Abacus Ai,https://sponsorradar.com/brands/abacus-ai,AI,219,49,https://abacusai.com,https://youtube.com/watch?v=BZ2C84s7X8w,tef,2026 Sep 19,Kingy AI,"Kingy AI, AI Search, Julia McCoy, Fenchel & Janisch, Alex Ziskind, Daniel | Tech & Data","2.1M, 744K, 310K, 262K, 564K, 617K","65, 40, 23, 14, 5, 5",Anjali,anjali@abacus.ai,,,,